youtube.com,0
google.com,0
shopify.com,0
facebook.com,0
tmall.com,0
baidu.com,0
youtube.come,0
qq.com,0
sohu.com,0
imgur.com,0
yahoo.com,0
taobao.com,0
twitch.tv,0
amazon.com,0
google.come,0
wikipedia.org,0
zoom.us,0
nasa.gov,0
reddit.com,0
netflix.com,0
microsoft.com,0
leetcode.come,0
instagram.com,0
twitter.com,0
bing.com,0
udemy.com,0
facebook.come,0
spotify.com,0
skype.com,0
leetcode.com,0
bbc.com,0
cnn.com,0
nationalgeographic.com,0
twitter.come,0
geekforgeeks.com,0
hackerrank.net,0
hackerrank.com,0